"Идентиф.";"Обозначение";"Посад. место";"Количество";"Значение";"Поставщик и справка";
1;"J2,J1";"PinHeader_2x07_P1.27mm_Vertical_SMD";2;"Conn_02x07_Odd_Even";;;
2;"C15,C3,C16,C12,C4,C14,C1,C13,C11,C2";"C_0805_2012Metric";10;"100nF";;;
3;"TP23,TP20,TP3,TP8,TP22,TP26,TP9,TP1,TP31,TP24,TP33,TP4,TP29,TP19,TP6,TP28,TP10,TP14,TP2,TP12,TP30,TP32,TP27,TP25,TP21,TP17,TP5,TP7,TP16,TP13,TP34,TP11,TP18,TP15";"TestPoint_Pad_D1.0mm";34;"TestPoint_Small";;;
4;"U1";"SOIC-8_3.9x4.9mm_P1.27mm";1;"SN65HVD230";;;
5;"J6,J4,J3,J5";"PinHeader_1x02_P2.54mm_Vertical";4;"Conn_01x02";;;
6;"R7,R9,R11,R13,R16,R12,R17,R10,R14,R8,R15";"R_0805_2012Metric";11;"?K";;;
7;"R6,R4,R2,R3,R5";"R_0805_2012Metric";5;"10K";;;
8;"U3";"Diodes_SO-8EP";1;"MP1584";;;
9;"C9,C10";"C_0805_2012Metric";2;"8uF";;;
10;"C6,C8,C5,C7";"C_0805_2012Metric";4;"130pF";;;
11;"D2,D3,D4";"SOT-23";3;"BAV99";;;
12;"D1";"D_SMA";1;"SS34";;;
13;"L1";"L_Abracon_ASPI-0630LR";1;"4.7uH";;;
14;"U2";"SOIC-16_3.9x9.9mm_P1.27mm";1;"MAX3232";;;
15;"R1";"R_0805_2012Metric";1;"120R";;;
